<?xml version="1.0" encoding="utf-8"?>
<configuration>
	<log4net>
		<appender name="ConsoleAppender" type="log4net.Appender.ConsoleAppender" >
			<layout type="log4net.Layout.PatternLayout">
				<conversionPattern value="%-8level %d{yyyy-MM-dd HH:mm:ss.fff}   %message%newline%exception"/>
			</layout>
		</appender>

		<appender name="FileAppender" type="log4net.Appender.RollingFileAppender">
			<file type="log4net.Util.PatternString"  value="%property{LogDirectory}\\"/>
			<datePattern value="yyyy-MM-dd'\\PdfDirectReceive.log'"/>
			<appendToFile value="true"/>
			<staticLogFileName value="false"/>
			<maximumFileSize value="10MB"/>
			<maxSizeRollBackups value="1000"/>
			<encoding value="utf-8" />
			<layout type="log4net.Layout.PatternLayout">
				<conversionPattern value="%-8level %d{yyyy-MM-dd HH:mm:ss.fff}   [%logger{1}] %message%newline%exception"/>
			</layout>
		</appender>

		<!--<appender name="MySqlAppender" type="log4net.Appender.AdoNetAppender">
			<bufferSize value="1" />
			<connectionType value="MySql.Data.MySqlClient.MySqlConnection, MySql.Data"/>
			<connectionString/>
			<commandText value="INSERT INTO SERVICE_LOG (SERVICE, THREAD, CLASS, LEVEL, MESSAGE, EXCEPTION) VALUES (?log_service, ?log_thread, ?log_class, ?log_level, ?log_message, ?log_exception)"/>

			<parameter>
				<parameterName value="?log_service"/>
				<dbType value="String"/>
				<size value="255"/>
				<layout type="log4net.Layout.PatternLayout" value="SmartWhereGate"/>
			</parameter>
			<parameter>
				<parameterName value="?log_thread"/>
				<dbType value="String"/>
				<size value="20"/>
				<layout type="log4net.Layout.PatternLayout" value="%thread"/>
			</parameter>
			<parameter>
				<parameterName value="?log_class"/>
				<dbType value="String"/>
				<size value="45"/>
				<layout type="log4net.Layout.PatternLayout" value="%class{1}"/>
			</parameter>
			<parameter>
				<parameterName value="?log_level"/>
				<dbType value="String"/>
				<size value="45"/>
				<layout type="log4net.Layout.PatternLayout" value="%level"/>
			</parameter>
			<parameter>
				<parameterName value="?log_message"/>
				<dbType value="String"/>
				<size value="2000"/>
				<layout type="log4net.Layout.PatternLayout" value="%message"/>
			</parameter>
			<parameter>
				<parameterName value="?log_exception"/>
				<dbType value="String"/>
				<size value="5000"/>
				<layout type="log4net.Layout.PatternLayout" value="%exception"/>
			</parameter>
		</appender>-->

		<root>
			<level value="DEBUG"/>
		<appender-ref ref="ConsoleAppender" />
			<appender-ref ref="FileAppender" />
			<!--<appender-ref ref="MySqlAppender" />-->
		</root>
	</log4net>
</configuration>